[
  {
    "id": 1,
    "title": "Mistrzostwa Bulls",
    "text": [
      "Chicago Bulls odnosili wiele sukcesów w historii, wygrywając aż 6 mistrzostw NBA. Ich pierwsze mistrzostwo sięgnęli w 1991 roku, a kolejne triumfy miały miejsce w latach 1992, 1993, 1996, 1997 i 1998. Zespół osiągnął niezwykłe osiągnięcia pod wodzą legendarnego gracza, Michaela Jordana."
    ]
  },
  {
    "id": 2,
    "title": "Najlepsi Zawodnicy",
    "text": [
      "W historii Bulls było wiele świetnych zawodników m.in: Dennis Rodman - Najlepszy zbierający w tamtym okresie, Derrick Rose - Najmłodszy MVP, czy Scottie Pippen - świetny obrońca i niski skrzydłowy. Drużynie brakowało dominujących graczy jak Shaq, ale i tak jest jedną z najlepszych w historii."
    ]
  },
  {
    "id": 3,
    "title": "Finały NBA w 1998 roku:",
    "text": [
      "W 1988 roku bulls wygrało z utah jazz tym samym kończac cała dynastie bo po tym sezonie drużyna która wygrała te wszystkie mistrzostwa się rozpadła. Jordan, Rodman, Pippen i trener Phil Jackson odeszli z drużyny i tak zakończyła sie złota era Bulls."
    ]
  }
]
